[{"model": "auth.permission", "pk": 1, "fields": {"name": "Can add log entry", "content_type": 1, "codename": "add_logentry"}}, {"model": "auth.permission", "pk": 2, "fields": {"name": "Can change log entry", "content_type": 1, "codename": "change_logentry"}}, {"model": "auth.permission", "pk": 3, "fields": {"name": "Can delete log entry", "content_type": 1, "codename": "delete_logentry"}}, {"model": "auth.permission", "pk": 4, "fields": {"name": "Can view log entry", "content_type": 1, "codename": "view_logentry"}}, {"model": "auth.permission", "pk": 5, "fields": {"name": "Can add permission", "content_type": 2, "codename": "add_permission"}}, {"model": "auth.permission", "pk": 6, "fields": {"name": "Can change permission", "content_type": 2, "codename": "change_permission"}}, {"model": "auth.permission", "pk": 7, "fields": {"name": "Can delete permission", "content_type": 2, "codename": "delete_permission"}}, {"model": "auth.permission", "pk": 8, "fields": {"name": "Can view permission", "content_type": 2, "codename": "view_permission"}}, {"model": "auth.permission", "pk": 9, "fields": {"name": "Can add group", "content_type": 3, "codename": "add_group"}}, {"model": "auth.permission", "pk": 10, "fields": {"name": "Can change group", "content_type": 3, "codename": "change_group"}}, {"model": "auth.permission", "pk": 11, "fields": {"name": "Can delete group", "content_type": 3, "codename": "delete_group"}}, {"model": "auth.permission", "pk": 12, "fields": {"name": "Can view group", "content_type": 3, "codename": "view_group"}}, {"model": "auth.permission", "pk": 13, "fields": {"name": "Can add content type", "content_type": 4, "codename": "add_contenttype"}}, {"model": "auth.permission", "pk": 14, "fields": {"name": "Can change content type", "content_type": 4, "codename": "change_contenttype"}}, {"model": "auth.permission", "pk": 15, "fields": {"name": "Can delete content type", "content_type": 4, "codename": "delete_contenttype"}}, {"model": "auth.permission", "pk": 16, "fields": {"name": "Can view content type", "content_type": 4, "codename": "view_contenttype"}}, {"model": "auth.permission", "pk": 17, "fields": {"name": "Can add session", "content_type": 5, "codename": "add_session"}}, {"model": "auth.permission", "pk": 18, "fields": {"name": "Can change session", "content_type": 5, "codename": "change_session"}}, {"model": "auth.permission", "pk": 19, "fields": {"name": "Can delete session", "content_type": 5, "codename": "delete_session"}}, {"model": "auth.permission", "pk": 20, "fields": {"name": "Can view session", "content_type": 5, "codename": "view_session"}}, {"model": "auth.permission", "pk": 21, "fields": {"name": "Can add user", "content_type": 6, "codename": "add_customuser"}}, {"model": "auth.permission", "pk": 22, "fields": {"name": "Can change user", "content_type": 6, "codename": "change_customuser"}}, {"model": "auth.permission", "pk": 23, "fields": {"name": "Can delete user", "content_type": 6, "codename": "delete_customuser"}}, {"model": "auth.permission", "pk": 24, "fields": {"name": "Can view user", "content_type": 6, "codename": "view_customuser"}}, {"model": "auth.permission", "pk": 25, "fields": {"name": "Can add demo user data", "content_type": 7, "codename": "add_demouserdata"}}, {"model": "auth.permission", "pk": 26, "fields": {"name": "Can change demo user data", "content_type": 7, "codename": "change_demouserdata"}}, {"model": "auth.permission", "pk": 27, "fields": {"name": "Can delete demo user data", "content_type": 7, "codename": "delete_demouserdata"}}, {"model": "auth.permission", "pk": 28, "fields": {"name": "Can view demo user data", "content_type": 7, "codename": "view_demouserdata"}}, {"model": "auth.permission", "pk": 29, "fields": {"name": "Can add book", "content_type": 8, "codename": "add_book"}}, {"model": "auth.permission", "pk": 30, "fields": {"name": "Can change book", "content_type": 8, "codename": "change_book"}}, {"model": "auth.permission", "pk": 31, "fields": {"name": "Can delete book", "content_type": 8, "codename": "delete_book"}}, {"model": "auth.permission", "pk": 32, "fields": {"name": "Can view book", "content_type": 8, "codename": "view_book"}}, {"model": "auth.permission", "pk": 33, "fields": {"name": "Can add orders", "content_type": 9, "codename": "add_orders"}}, {"model": "auth.permission", "pk": 34, "fields": {"name": "Can change orders", "content_type": 9, "codename": "change_orders"}}, {"model": "auth.permission", "pk": 35, "fields": {"name": "Can delete orders", "content_type": 9, "codename": "delete_orders"}}, {"model": "auth.permission", "pk": 36, "fields": {"name": "Can view orders", "content_type": 9, "codename": "view_orders"}}, {"model": "auth.permission", "pk": 37, "fields": {"name": "Can add quote", "content_type": 10, "codename": "add_quote"}}, {"model": "auth.permission", "pk": 38, "fields": {"name": "Can change quote", "content_type": 10, "codename": "change_quote"}}, {"model": "auth.permission", "pk": 39, "fields": {"name": "Can delete quote", "content_type": 10, "codename": "delete_quote"}}, {"model": "auth.permission", "pk": 40, "fields": {"name": "Can view quote", "content_type": 10, "codename": "view_quote"}}, {"model": "auth.permission", "pk": 41, "fields": {"name": "Can add user file", "content_type": 11, "codename": "add_userfile"}}, {"model": "auth.permission", "pk": 42, "fields": {"name": "Can change user file", "content_type": 11, "codename": "change_userfile"}}, {"model": "auth.permission", "pk": 43, "fields": {"name": "Can delete user file", "content_type": 11, "codename": "delete_userfile"}}, {"model": "auth.permission", "pk": 44, "fields": {"name": "Can view user file", "content_type": 11, "codename": "view_userfile"}}, {"model": "auth.permission", "pk": 45, "fields": {"name": "Can add Token", "content_type": 12, "codename": "add_token"}}, {"model": "auth.permission", "pk": 46, "fields": {"name": "Can change Token", "content_type": 12, "codename": "change_token"}}, {"model": "auth.permission", "pk": 47, "fields": {"name": "Can delete Token", "content_type": 12, "codename": "delete_token"}}, {"model": "auth.permission", "pk": 48, "fields": {"name": "Can view Token", "content_type": 12, "codename": "view_token"}}, {"model": "auth.permission", "pk": 49, "fields": {"name": "Can add token", "content_type": 13, "codename": "add_tokenproxy"}}, {"model": "auth.permission", "pk": 50, "fields": {"name": "Can change token", "content_type": 13, "codename": "change_tokenproxy"}}, {"model": "auth.permission", "pk": 51, "fields": {"name": "Can delete token", "content_type": 13, "codename": "delete_tokenproxy"}}, {"model": "auth.permission", "pk": 52, "fields": {"name": "Can view token", "content_type": 13, "codename": "view_tokenproxy"}}, {"model": "auth.permission", "pk": 53, "fields": {"name": "Can add blacklisted token", "content_type": 14, "codename": "add_blacklistedtoken"}}, {"model": "auth.permission", "pk": 54, "fields": {"name": "Can change blacklisted token", "content_type": 14, "codename": "change_blacklistedtoken"}}, {"model": "auth.permission", "pk": 55, "fields": {"name": "Can delete blacklisted token", "content_type": 14, "codename": "delete_blacklistedtoken"}}, {"model": "auth.permission", "pk": 56, "fields": {"name": "Can view blacklisted token", "content_type": 14, "codename": "view_blacklistedtoken"}}, {"model": "auth.permission", "pk": 57, "fields": {"name": "Can add outstanding token", "content_type": 15, "codename": "add_outstandingtoken"}}, {"model": "auth.permission", "pk": 58, "fields": {"name": "Can change outstanding token", "content_type": 15, "codename": "change_outstandingtoken"}}, {"model": "auth.permission", "pk": 59, "fields": {"name": "Can delete outstanding token", "content_type": 15, "codename": "delete_outstandingtoken"}}, {"model": "auth.permission", "pk": 60, "fields": {"name": "Can view outstanding token", "content_type": 15, "codename": "view_outstandingtoken"}}, {"model": "auth.permission", "pk": 61, "fields": {"name": "Can add crontab", "content_type": 16, "codename": "add_crontabschedule"}}, {"model": "auth.permission", "pk": 62, "fields": {"name": "Can change crontab", "content_type": 16, "codename": "change_crontabschedule"}}, {"model": "auth.permission", "pk": 63, "fields": {"name": "Can delete crontab", "content_type": 16, "codename": "delete_crontabschedule"}}, {"model": "auth.permission", "pk": 64, "fields": {"name": "Can view crontab", "content_type": 16, "codename": "view_crontabschedule"}}, {"model": "auth.permission", "pk": 65, "fields": {"name": "Can add interval", "content_type": 17, "codename": "add_intervalschedule"}}, {"model": "auth.permission", "pk": 66, "fields": {"name": "Can change interval", "content_type": 17, "codename": "change_intervalschedule"}}, {"model": "auth.permission", "pk": 67, "fields": {"name": "Can delete interval", "content_type": 17, "codename": "delete_intervalschedule"}}, {"model": "auth.permission", "pk": 68, "fields": {"name": "Can view interval", "content_type": 17, "codename": "view_intervalschedule"}}, {"model": "auth.permission", "pk": 69, "fields": {"name": "Can add periodic task", "content_type": 18, "codename": "add_periodictask"}}, {"model": "auth.permission", "pk": 70, "fields": {"name": "Can change periodic task", "content_type": 18, "codename": "change_periodictask"}}, {"model": "auth.permission", "pk": 71, "fields": {"name": "Can delete periodic task", "content_type": 18, "codename": "delete_periodictask"}}, {"model": "auth.permission", "pk": 72, "fields": {"name": "Can view periodic task", "content_type": 18, "codename": "view_periodictask"}}, {"model": "auth.permission", "pk": 73, "fields": {"name": "Can add periodic tasks", "content_type": 19, "codename": "add_periodictasks"}}, {"model": "auth.permission", "pk": 74, "fields": {"name": "Can change periodic tasks", "content_type": 19, "codename": "change_periodictasks"}}, {"model": "auth.permission", "pk": 75, "fields": {"name": "Can delete periodic tasks", "content_type": 19, "codename": "delete_periodictasks"}}, {"model": "auth.permission", "pk": 76, "fields": {"name": "Can view periodic tasks", "content_type": 19, "codename": "view_periodictasks"}}, {"model": "auth.permission", "pk": 77, "fields": {"name": "Can add solar event", "content_type": 20, "codename": "add_solarschedule"}}, {"model": "auth.permission", "pk": 78, "fields": {"name": "Can change solar event", "content_type": 20, "codename": "change_solarschedule"}}, {"model": "auth.permission", "pk": 79, "fields": {"name": "Can delete solar event", "content_type": 20, "codename": "delete_solarschedule"}}, {"model": "auth.permission", "pk": 80, "fields": {"name": "Can view solar event", "content_type": 20, "codename": "view_solarschedule"}}, {"model": "auth.permission", "pk": 81, "fields": {"name": "Can add clocked", "content_type": 21, "codename": "add_clockedschedule"}}, {"model": "auth.permission", "pk": 82, "fields": {"name": "Can change clocked", "content_type": 21, "codename": "change_clockedschedule"}}, {"model": "auth.permission", "pk": 83, "fields": {"name": "Can delete clocked", "content_type": 21, "codename": "delete_clockedschedule"}}, {"model": "auth.permission", "pk": 84, "fields": {"name": "Can view clocked", "content_type": 21, "codename": "view_clockedschedule"}}, {"model": "contenttypes.contenttype", "pk": 1, "fields": {"app_label": "admin", "model": "logentry"}}, {"model": "contenttypes.contenttype", "pk": 2, "fields": {"app_label": "auth", "model": "permission"}}, {"model": "contenttypes.contenttype", "pk": 3, "fields": {"app_label": "auth", "model": "group"}}, {"model": "contenttypes.contenttype", "pk": 4, "fields": {"app_label": "contenttypes", "model": "contenttype"}}, {"model": "contenttypes.contenttype", "pk": 5, "fields": {"app_label": "sessions", "model": "session"}}, {"model": "contenttypes.contenttype", "pk": 6, "fields": {"app_label": "users", "model": "customuser"}}, {"model": "contenttypes.contenttype", "pk": 7, "fields": {"app_label": "users", "model": "demouserdata"}}, {"model": "contenttypes.contenttype", "pk": 8, "fields": {"app_label": "core", "model": "book"}}, {"model": "contenttypes.contenttype", "pk": 9, "fields": {"app_label": "core", "model": "orders"}}, {"model": "contenttypes.contenttype", "pk": 10, "fields": {"app_label": "core", "model": "quote"}}, {"model": "contenttypes.contenttype", "pk": 11, "fields": {"app_label": "core", "model": "userfile"}}, {"model": "contenttypes.contenttype", "pk": 12, "fields": {"app_label": "authtoken", "model": "token"}}, {"model": "contenttypes.contenttype", "pk": 13, "fields": {"app_label": "authtoken", "model": "tokenproxy"}}, {"model": "contenttypes.contenttype", "pk": 14, "fields": {"app_label": "token_blacklist", "model": "blacklistedtoken"}}, {"model": "contenttypes.contenttype", "pk": 15, "fields": {"app_label": "token_blacklist", "model": "outstandingtoken"}}, {"model": "contenttypes.contenttype", "pk": 16, "fields": {"app_label": "django_celery_beat", "model": "crontabschedule"}}, {"model": "contenttypes.contenttype", "pk": 17, "fields": {"app_label": "django_celery_beat", "model": "intervalschedule"}}, {"model": "contenttypes.contenttype", "pk": 18, "fields": {"app_label": "django_celery_beat", "model": "periodictask"}}, {"model": "contenttypes.contenttype", "pk": 19, "fields": {"app_label": "django_celery_beat", "model": "periodictasks"}}, {"model": "contenttypes.contenttype", "pk": 20, "fields": {"app_label": "django_celery_beat", "model": "solarschedule"}}, {"model": "contenttypes.contenttype", "pk": 21, "fields": {"app_label": "django_celery_beat", "model": "clockedschedule"}}, {"model": "users.customuser", "pk": 1, "fields": {"password": "*P5Ib4pH!N", "last_login": null, "is_superuser": false, "username": "dwells@example.com", "first_name": "", "last_name": "", "is_staff": false, "is_active": true, "date_joined": "2023-02-13T21:44:30.152Z", "email": "dwells@example.com", "telegram_id": null, "active_subscription": true, "trial_used": true, "paid_until": "2023-02-27T21:44:36.466Z", "is_demo": true, "stripe_session_id": null, "send_emails": 1, "send_telegrams": 3, "groups": [], "user_permissions": []}}, {"model": "users.customuser", "pk": 2, "fields": {"password": "pbkdf2_sha256$390000$mpsGQ1e3pHhCezN4xTOAge$VlpxKG+StOurFov6neQDRA7OpoPoMHwuN3yb/V610UY=", "last_login": null, "is_superuser": false, "username": "user1@gmail.com", "first_name": "", "last_name": "", "is_staff": false, "is_active": false, "date_joined": "2023-02-14T00:07:50.097Z", "email": "user1@gmail.com", "telegram_id": null, "active_subscription": false, "trial_used": false, "paid_until": null, "is_demo": false, "stripe_session_id": null, "send_emails": 1, "send_telegrams": 3, "groups": [], "user_permissions": []}}, {"model": "users.customuser", "pk": 3, "fields": {"password": "pbkdf2_sha256$390000$QmBMSly2CsO8hJB7S22jBv$/l4TCbHlUxNvrIpeNubhXYdhXmWQixD71yew+nOJNy8=", "last_login": null, "is_superuser": false, "username": "user1@somemail.com", "first_name": "", "last_name": "", "is_staff": false, "is_active": false, "date_joined": "2023-02-14T20:08:26.040Z", "email": "user1@somemail.com", "telegram_id": null, "active_subscription": false, "trial_used": false, "paid_until": null, "is_demo": false, "stripe_session_id": null, "send_emails": 1, "send_telegrams": 3, "groups": [], "user_permissions": []}}, {"model": "users.customuser", "pk": 4, "fields": {"password": "pbkdf2_sha256$390000$5JhlylNSYMype6448wmb58$xZyWhvz5wIwCuYBbeshTJxgwQXEiAcW0l7AM800h5R0=", "last_login": null, "is_superuser": false, "username": "user2@somemail.com", "first_name": "", "last_name": "", "is_staff": false, "is_active": true, "date_joined": "2023-02-14T20:11:02.653Z", "email": "user2@somemail.com", "telegram_id": null, "active_subscription": true, "trial_used": true, "paid_until": "2023-02-28T22:09:53.170Z", "is_demo": false, "stripe_session_id": null, "send_emails": 1, "send_telegrams": 3, "groups": [], "user_permissions": []}}, {"model": "users.customuser", "pk": 5, "fields": {"password": "rj*h2I$sKz", "last_login": null, "is_superuser": false, "username": "dlowe@example.com", "first_name": "", "last_name": "", "is_staff": false, "is_active": true, "date_joined": "2023-02-21T18:28:46.258Z", "email": "dlowe@example.com", "telegram_id": null, "active_subscription": false, "trial_used": false, "paid_until": null, "is_demo": true, "stripe_session_id": null, "send_emails": 1, "send_telegrams": 3, "groups": [], "user_permissions": []}}, {"model": "users.customuser", "pk": 6, "fields": {"password": "%6C4PJB$&k", "last_login": null, "is_superuser": false, "username": "anthonyharrison@example.net", "first_name": "", "last_name": "", "is_staff": false, "is_active": true, "date_joined": "2023-03-07T16:08:11.227Z", "email": "anthonyharrison@example.net", "telegram_id": null, "active_subscription": true, "trial_used": true, "paid_until": "2023-03-21T16:12:08.374Z", "is_demo": true, "stripe_session_id": null, "send_emails": 1, "send_telegrams": 3, "groups": [], "user_permissions": []}}, {"model": "users.customuser", "pk": 7, "fields": {"password": "6xEKnD(s!l", "last_login": null, "is_superuser": false, "username": "martinezdustin@example.com", "first_name": "", "last_name": "", "is_staff": false, "is_active": true, "date_joined": "2023-03-07T17:00:09.698Z", "email": "martinezdustin@example.com", "telegram_id": null, "active_subscription": false, "trial_used": false, "paid_until": null, "is_demo": true, "stripe_session_id": null, "send_emails": 1, "send_telegrams": 3, "groups": [], "user_permissions": []}}, {"model": "users.customuser", "pk": 8, "fields": {"password": "eV0Rr6g1K$", "last_login": null, "is_superuser": false, "username": "wilsonmicheal@example.org", "first_name": "", "last_name": "", "is_staff": false, "is_active": true, "date_joined": "2023-05-09T21:45:23.001Z", "email": "wilsonmicheal@example.org", "telegram_id": null, "active_subscription": false, "trial_used": false, "paid_until": null, "is_demo": true, "stripe_session_id": null, "send_emails": 1, "send_telegrams": 3, "groups": [], "user_permissions": []}}, {"model": "users.customuser", "pk": 9, "fields": {"password": "4DJM0AVi_b", "last_login": null, "is_superuser": false, "username": "zbeck@example.net", "first_name": "", "last_name": "", "is_staff": false, "is_active": true, "date_joined": "2023-05-09T22:19:36.216Z", "email": "zbeck@example.net", "telegram_id": null, "active_subscription": false, "trial_used": false, "paid_until": null, "is_demo": true, "stripe_session_id": null, "send_emails": 1, "send_telegrams": 3, "groups": [], "user_permissions": []}}, {"model": "users.customuser", "pk": 10, "fields": {"password": "Kp#_0pXffq", "last_login": null, "is_superuser": false, "username": "yreyes@example.org", "first_name": "", "last_name": "", "is_staff": false, "is_active": true, "date_joined": "2023-05-09T22:26:29.910Z", "email": "yreyes@example.org", "telegram_id": null, "active_subscription": false, "trial_used": false, "paid_until": null, "is_demo": true, "stripe_session_id": null, "send_emails": 1, "send_telegrams": 3, "groups": [], "user_permissions": []}}, {"model": "users.customuser", "pk": 11, "fields": {"password": "$!1WVpiA6j", "last_login": null, "is_superuser": false, "username": "ohiggins@example.net", "first_name": "", "last_name": "", "is_staff": false, "is_active": true, "date_joined": "2023-05-09T22:26:46.534Z", "email": "ohiggins@example.net", "telegram_id": null, "active_subscription": false, "trial_used": false, "paid_until": null, "is_demo": true, "stripe_session_id": null, "send_emails": 1, "send_telegrams": 3, "groups": [], "user_permissions": []}}, {"model": "users.customuser", "pk": 12, "fields": {"password": "1Ou9E@l$(Z", "last_login": null, "is_superuser": false, "username": "qlong@example.com", "first_name": "", "last_name": "", "is_staff": false, "is_active": true, "date_joined": "2023-05-09T22:51:56.826Z", "email": "qlong@example.com", "telegram_id": null, "active_subscription": false, "trial_used": false, "paid_until": null, "is_demo": true, "stripe_session_id": null, "send_emails": 1, "send_telegrams": 3, "groups": [], "user_permissions": []}}, {"model": "users.customuser", "pk": 13, "fields": {"password": ")f21qZdOw4", "last_login": null, "is_superuser": false, "username": "michelleandrews@example.net", "first_name": "", "last_name": "", "is_staff": false, "is_active": true, "date_joined": "2023-05-09T23:23:00.319Z", "email": "michelleandrews@example.net", "telegram_id": null, "active_subscription": false, "trial_used": false, "paid_until": null, "is_demo": true, "stripe_session_id": null, "send_emails": 1, "send_telegrams": 3, "groups": [], "user_permissions": []}}, {"model": "users.customuser", "pk": 14, "fields": {"password": "^4INc8RWtE", "last_login": null, "is_superuser": false, "username": "kristin71@example.com", "first_name": "", "last_name": "", "is_staff": false, "is_active": true, "date_joined": "2023-05-10T00:28:29.166Z", "email": "kristin71@example.com", "telegram_id": null, "active_subscription": false, "trial_used": false, "paid_until": null, "is_demo": true, "stripe_session_id": null, "send_emails": 1, "send_telegrams": 3, "groups": [], "user_permissions": []}}, {"model": "users.customuser", "pk": 15, "fields": {"password": "96DQMH_r*O", "last_login": null, "is_superuser": false, "username": "mary21@example.net", "first_name": "", "last_name": "", "is_staff": false, "is_active": true, "date_joined": "2023-05-10T00:30:23.191Z", "email": "mary21@example.net", "telegram_id": null, "active_subscription": false, "trial_used": false, "paid_until": null, "is_demo": true, "stripe_session_id": null, "send_emails": 1, "send_telegrams": 3, "groups": [], "user_permissions": []}}, {"model": "users.customuser", "pk": 16, "fields": {"password": "jfYXU0E19$", "last_login": null, "is_superuser": false, "username": "maureenray@example.net", "first_name": "", "last_name": "", "is_staff": false, "is_active": true, "date_joined": "2023-05-10T20:54:50.503Z", "email": "maureenray@example.net", "telegram_id": null, "active_subscription": false, "trial_used": false, "paid_until": null, "is_demo": true, "stripe_session_id": null, "send_emails": 1, "send_telegrams": 3, "groups": [], "user_permissions": []}}, {"model": "users.customuser", "pk": 17, "fields": {"password": "@r2PRuoix0", "last_login": null, "is_superuser": false, "username": "vchavez@example.com", "first_name": "", "last_name": "", "is_staff": false, "is_active": true, "date_joined": "2023-05-12T17:24:45.978Z", "email": "vchavez@example.com", "telegram_id": null, "active_subscription": false, "trial_used": false, "paid_until": null, "is_demo": true, "stripe_session_id": null, "send_emails": 1, "send_telegrams": 3, "groups": [], "user_permissions": []}}, {"model": "core.userfile", "pk": 1, "fields": {"owner": 4, "file": "user_files/4/kindle/kindle_notes_1jAreYg.txt", "type": "kindle", "uploaded_at": "2023-02-14T20:11:29.253Z"}}, {"model": "core.userfile", "pk": 2, "fields": {"owner": 6, "file": "user_files/6/kindle/kindle_notes.txt", "type": "kindle", "uploaded_at": "2023-03-07T16:08:26.232Z"}}, {"model": "core.userfile", "pk": 3, "fields": {"owner": 6, "file": "user_files/6/kindle/kindle_notes_Wq0ykjX.txt", "type": "kindle", "uploaded_at": "2023-03-07T16:11:53.117Z"}}, {"model": "core.book", "pk": 1, "fields": {"title": "Awareness ", "author": "de Mello SJ Anthony", "visibility": true, "cover": "", "owner": 4}}, {"model": "core.book", "pk": 2, "fields": {"title": "How to Fail at Almost Everything and Still Win Big ", "author": "Adams Scott", "visibility": true, "cover": "", "owner": 4}}, {"model": "core.book", "pk": 3, "fields": {"title": "Tools of Titans: The Tactics, Routines, and Habits of Billionaires, Icons, and World-Class Performers ", "author": "Ferriss Timothy", "visibility": true, "cover": "", "owner": 4}}, {"model": "core.book", "pk": 4, "fields": {"title": "The War of Art ", "author": "Pressfield Steven", "visibility": true, "cover": "", "owner": 4}}, {"model": "core.book", "pk": 5, "fields": {"title": "HBR Guide to Making Better Decisions ", "author": "Harvard Business Review", "visibility": true, "cover": "", "owner": 4}}, {"model": "core.book", "pk": 6, "fields": {"title": "HBR Guide to Getting the Right Work Done ", "author": "HBR Guide Series", "visibility": true, "cover": "", "owner": 4}}, {"model": "core.book", "pk": 7, "fields": {"title": "Focus ", "author": "HBR Emotional Intelligence Series", "visibility": true, "cover": "", "owner": 4}}, {"model": "core.book", "pk": 8, "fields": {"title": "The Almanack of Naval Ravikant: A Guide to Wealth and Happiness ", "author": "Eric Jorgenson", "visibility": true, "cover": "", "owner": 4}}, {"model": "core.book", "pk": 9, "fields": {"title": "Awareness ", "author": "de Mello SJ Anthony", "visibility": true, "cover": "", "owner": 6}}, {"model": "core.book", "pk": 10, "fields": {"title": "How to Fail at Almost Everything and Still Win Big ", "author": "Adams Scott", "visibility": true, "cover": "", "owner": 6}}, {"model": "core.book", "pk": 11, "fields": {"title": "Tools of Titans: The Tactics, Routines, and Habits of Billionaires, Icons, and World-Class Performers ", "author": "Ferriss Timothy", "visibility": true, "cover": "", "owner": 6}}, {"model": "core.book", "pk": 12, "fields": {"title": "The War of Art ", "author": "Pressfield Steven", "visibility": true, "cover": "", "owner": 6}}, {"model": "core.book", "pk": 13, "fields": {"title": "HBR Guide to Making Better Decisions ", "author": "Harvard Business Review", "visibility": true, "cover": "", "owner": 6}}, {"model": "core.book", "pk": 14, "fields": {"title": "HBR Guide to Getting the Right Work Done ", "author": "HBR Guide Series", "visibility": true, "cover": "", "owner": 6}}, {"model": "core.book", "pk": 15, "fields": {"title": "Focus ", "author": "HBR Emotional Intelligence Series", "visibility": true, "cover": "", "owner": 6}}, {"model": "core.book", "pk": 16, "fields": {"title": "The Almanack of Naval Ravikant: A Guide to Wealth and Happiness ", "author": "Eric Jorgenson", "visibility": true, "cover": "", "owner": 6}}, {"model": "core.quote", "pk": 1, "fields": {"book": 1, "date_added": "Added on Friday, November 26, 2021 11:36:37 AM\n", "text": "(a) identify the negative feelings in you; (b) understand that they are in you, not in the world, not in external reality; (c) do not see them as an essential part of “I”; these things come and go; (d) understand that when you change, everything changes.\n", "owner": 4, "like": true, "comment": ""}}, {"model": "core.quote", "pk": 2, "fields": {"book": 1, "date_added": "Added on Friday, November 26, 2021 6:09:41 PM\n", "text": "You don’t do anything to be free, you drop something. Then you’re free.\n", "owner": 4, "like": false, "comment": ""}}, {"model": "core.quote", "pk": 3, "fields": {"book": 1, "date_added": "Added on Friday, November 26, 2021 6:10:20 PM\n", "text": "We always want someone else to change so that we will feel good. But has it ever struck you that even if your wife changes or your husband changes, what does that do to you? You’re just as vulnerable as before; you’re just as idiotic as before; you’re just as asleep as before. You are the one who needs to change, who needs to take medicine. You keep insisting, “I feel good because the world is right.” Wrong! The world is right because I feel good. That’s what all the mystics are saying.\n", "owner": 4, "like": false, "comment": ""}}, {"model": "core.quote", "pk": 4, "fields": {"book": 2, "date_added": "Added on Thursday, January 28, 2021 9:41:05 PM\n", "text": "the primary culprit in your bad moods is a deficit in one of the big five: flexible schedule, imagination, sleep, diet, and exercise.\n", "owner": 4, "like": false, "comment": ""}}, {"model": "core.quote", "pk": 5, "fields": {"book": 3, "date_added": "Added on Tuesday, February 2, 2021 9:19:52 PM\n", "text": "In a surprising number of cases, the power is in the absurd. The more absurd, the more “impossible” the question, the more profound the answers. Take, for instance, a question that serial billionaire Peter Thiel likes to ask himself and others: “If you have a 10-year plan of how to get [somewhere], you should ask: Why can’t you do this in 6 months?”\n", "owner": 4, "like": false, "comment": ""}}, {"model": "core.quote", "pk": 6, "fields": {"book": 2, "date_added": "Added on Thursday, January 28, 2021 9:39:03 PM\n", "text": "Pessimism is often a failure of imagination. If you can imagine the future being brighter, it lifts your energy and gooses the chemistry in your body that produces a sensation of happiness. If you can’t even imagine an improved future, you won’t be happy no matter how well your life is going right now.\n", "owner": 4, "like": false, "comment": ""}}, {"model": "core.quote", "pk": 7, "fields": {"book": 4, "date_added": "Added on Sunday, December 20, 2020 6:19:06 AM\n", "text": "The professional has learned better. He respects Resistance. He knows if he caves in today, no matter how plausible the pretext, he'll be twice as likely to cave in tomorrow. The professional knows that Resistance is like a telemarketer; if you so much as say hello, you're finished. The pro doesn't even pick up the phone. He stays at work.\n", "owner": 4, "like": false, "comment": ""}}, {"model": "core.quote", "pk": 8, "fields": {"book": 4, "date_added": "Added on Sunday, December 20, 2020 6:20:45 AM\n", "text": "A PROFESSIONAL IS PREPARED\n", "owner": 4, "like": false, "comment": ""}}, {"model": "core.quote", "pk": 9, "fields": {"book": 4, "date_added": "Added on Saturday, December 26, 2020 1:53:44 AM\n", "text": "The professional cannot allow the actions of others to define his reality. Tomorrow morning the critic will be gone, but the writer will still be there facing the blank page. Nothing matters but that he keep working. Short of a family crisis or the outbreak of World War III, the professional shows up, ready to serve the gods.\n", "owner": 4, "like": false, "comment": ""}}, {"model": "core.quote", "pk": 10, "fields": {"book": 4, "date_added": "Added on Friday, December 18, 2020 1:51:02 AM\n", "text": "Someone once asked Somerset Maugham if he wrote on a schedule or only when struck by inspiration. \"I write only when inspiration strikes,\" he replied. \"Fortunately it strikes every morning at nine o'clock sharp.\" That's a pro. In terms of Resistance, Maugham was saying, \"I despise Resistance; I will not let it faze me; I will sit down and do my work.\" Maugham reckoned another, deeper truth: that by performing the mundane physical act of sitting down and starting to work, he set in motion a mysterious but infallible sequence of events that would produce\n", "owner": 4, "like": false, "comment": ""}}, {"model": "core.quote", "pk": 11, "fields": {"book": 5, "date_added": "Added on Wednesday, December 9, 2020 9:36:18 PM\n", "text": "Be honest with yourself about your motives. Are you really gathering information to help you make a smart choice, or are you just looking for evidence confirming what you think you’d like to do?\n", "owner": 4, "like": false, "comment": ""}}, {"model": "core.quote", "pk": 12, "fields": {"book": 5, "date_added": "Added on Wednesday, December 9, 2020 1:33:28 AM\n", "text": "Always remind yourself of your objectives and examine how they would be served by the status quo. You may find that elements of the current situation act as barriers to your goals. Never think of the status quo as your only alternative. Identify other options and use them as counterbalances, carefully evaluating all the pluses and minuses. Ask yourself whether you would choose the status-quo alternative if, in fact, it weren’t the status quo.\n", "owner": 4, "like": false, "comment": ""}}, {"model": "core.quote", "pk": 13, "fields": {"book": 5, "date_added": "Added on Wednesday, December 9, 2020 1:30:26 AM\n", "text": "the common and often pernicious mental phenomenon known as anchoring. When considering a decision, the mind gives disproportionate weight to the first information it receives. Initial impressions, estimates, or data anchor subsequent thoughts and judgments.\n", "owner": 4, "like": false, "comment": ""}}, {"model": "core.quote", "pk": 14, "fields": {"book": 5, "date_added": "Added on Wednesday, December 9, 2020 1:30:53 AM\n", "text": "Always view a problem from different perspectives. Try using alternative starting points and approaches rather than sticking with the first line of thought that occurs to you.\n", "owner": 4, "like": false, "comment": ""}}, {"model": "core.quote", "pk": 15, "fields": {"book": 6, "date_added": "Added on Thursday, November 19, 2020 2:12:37 AM\n", "text": "Select the most important challenge for the next day the night before. Then make that challenge your first priority when you arrive at work in the morning.\n", "owner": 4, "like": false, "comment": ""}}, {"model": "core.quote", "pk": 16, "fields": {"book": 6, "date_added": "Added on Wednesday, November 18, 2020 1:14:25 AM\n", "text": "Much of the value in a diary comes from periodically reviewing the past few days (or more).\n", "owner": 4, "like": false, "comment": ""}}, {"model": "core.quote", "pk": 17, "fields": {"book": 6, "date_added": "Added on Thursday, November 19, 2020 2:11:22 AM\n", "text": "Fuel positive emotions in yourself and others by regularly expressing appreciation to people in detailed, specific terms through notes, e-mails, calls, or conversations.\n", "owner": 4, "like": false, "comment": ""}}, {"model": "core.quote", "pk": 18, "fields": {"book": 7, "date_added": "Added on Saturday, November 7, 2020 2:51:14 AM\n", "text": "When you’re in a creative deadlock, try embodying a different identity. It will likely get you out of your own head and allow you to think from another person’s perspective\n", "owner": 4, "like": false, "comment": ""}}, {"model": "core.quote", "pk": 19, "fields": {"book": 7, "date_added": "Added on Saturday, November 7, 2020 11:36:46 PM\n", "text": "Meditation builds concentration and calmness and facilitates recovery from the agitation of stress.\n", "owner": 4, "like": false, "comment": ""}}, {"model": "core.quote", "pk": 20, "fields": {"book": 7, "date_added": "Added on Saturday, November 7, 2020 11:38:09 PM\n", "text": "A simple way to shift into positive mode is to ask yourself, “If everything worked out perfectly in my life, what would I be doing in 10 years?”\n", "owner": 4, "like": false, "comment": ""}}, {"model": "core.quote", "pk": 21, "fields": {"book": 7, "date_added": "Added on Saturday, November 7, 2020 11:38:31 PM\n", "text": "“Talking about positive goals and dreams activates brain centers that open you up to new possibilities,” says Richard Boyatzis, a psychologist at Case Western Reserve. “But if you change the conversation to what you should do to fix yourself, it closes you down . . . You need the negative to survive but the positive to thrive.”\n", "owner": 4, "like": false, "comment": ""}}, {"model": "core.quote", "pk": 22, "fields": {"book": 8, "date_added": "Added on Wednesday, September 30, 2020 9:09:53 PM\n", "text": "Value your time. It is all you have. It’s more important than your money. It’s more important than your friends. It is more important than anything. Your time is all you have. Do not waste your time.\n", "owner": 4, "like": false, "comment": ""}}, {"model": "core.quote", "pk": 23, "fields": {"book": 8, "date_added": "Added on Wednesday, September 30, 2020 10:28:00 PM\n", "text": "Live by Your Values What are your core values?\n", "owner": 4, "like": false, "comment": ""}}, {"model": "core.quote", "pk": 24, "fields": {"book": 8, "date_added": "Added on Wednesday, September 30, 2020 10:29:04 PM\n", "text": "All benefits in life come from compound interest, whether in money, relationships, love, health, activities, or habits.\n", "owner": 4, "like": false, "comment": ""}}, {"model": "core.quote", "pk": 25, "fields": {"book": 9, "date_added": "Added on Friday, November 26, 2021 11:36:37 AM\n", "text": "(a) identify the negative feelings in you; (b) understand that they are in you, not in the world, not in external reality; (c) do not see them as an essential part of “I”; these things come and go; (d) understand that when you change, everything changes.\n", "owner": 6, "like": false, "comment": ""}}, {"model": "core.quote", "pk": 26, "fields": {"book": 9, "date_added": "Added on Friday, November 26, 2021 6:09:41 PM\n", "text": "You don’t do anything to be free, you drop something. Then you’re free.\n", "owner": 6, "like": false, "comment": ""}}, {"model": "core.quote", "pk": 27, "fields": {"book": 9, "date_added": "Added on Friday, November 26, 2021 6:10:20 PM\n", "text": "We always want someone else to change so that we will feel good. But has it ever struck you that even if your wife changes or your husband changes, what does that do to you? You’re just as vulnerable as before; you’re just as idiotic as before; you’re just as asleep as before. You are the one who needs to change, who needs to take medicine. You keep insisting, “I feel good because the world is right.” Wrong! The world is right because I feel good. That’s what all the mystics are saying.\n", "owner": 6, "like": false, "comment": ""}}, {"model": "core.quote", "pk": 28, "fields": {"book": 10, "date_added": "Added on Thursday, January 28, 2021 9:41:05 PM\n", "text": "the primary culprit in your bad moods is a deficit in one of the big five: flexible schedule, imagination, sleep, diet, and exercise.\n", "owner": 6, "like": false, "comment": ""}}, {"model": "core.quote", "pk": 29, "fields": {"book": 11, "date_added": "Added on Tuesday, February 2, 2021 9:19:52 PM\n", "text": "In a surprising number of cases, the power is in the absurd. The more absurd, the more “impossible” the question, the more profound the answers. Take, for instance, a question that serial billionaire Peter Thiel likes to ask himself and others: “If you have a 10-year plan of how to get [somewhere], you should ask: Why can’t you do this in 6 months?”\n", "owner": 6, "like": false, "comment": ""}}, {"model": "core.quote", "pk": 30, "fields": {"book": 10, "date_added": "Added on Thursday, January 28, 2021 9:39:03 PM\n", "text": "Pessimism is often a failure of imagination. If you can imagine the future being brighter, it lifts your energy and gooses the chemistry in your body that produces a sensation of happiness. If you can’t even imagine an improved future, you won’t be happy no matter how well your life is going right now.\n", "owner": 6, "like": false, "comment": ""}}, {"model": "core.quote", "pk": 31, "fields": {"book": 12, "date_added": "Added on Sunday, December 20, 2020 6:19:06 AM\n", "text": "The professional has learned better. He respects Resistance. He knows if he caves in today, no matter how plausible the pretext, he'll be twice as likely to cave in tomorrow. The professional knows that Resistance is like a telemarketer; if you so much as say hello, you're finished. The pro doesn't even pick up the phone. He stays at work.\n", "owner": 6, "like": false, "comment": ""}}, {"model": "core.quote", "pk": 32, "fields": {"book": 12, "date_added": "Added on Sunday, December 20, 2020 6:20:45 AM\n", "text": "A PROFESSIONAL IS PREPARED\n", "owner": 6, "like": false, "comment": ""}}, {"model": "core.quote", "pk": 33, "fields": {"book": 12, "date_added": "Added on Saturday, December 26, 2020 1:53:44 AM\n", "text": "The professional cannot allow the actions of others to define his reality. Tomorrow morning the critic will be gone, but the writer will still be there facing the blank page. Nothing matters but that he keep working. Short of a family crisis or the outbreak of World War III, the professional shows up, ready to serve the gods.\n", "owner": 6, "like": false, "comment": ""}}, {"model": "core.quote", "pk": 34, "fields": {"book": 12, "date_added": "Added on Friday, December 18, 2020 1:51:02 AM\n", "text": "Someone once asked Somerset Maugham if he wrote on a schedule or only when struck by inspiration. \"I write only when inspiration strikes,\" he replied. \"Fortunately it strikes every morning at nine o'clock sharp.\" That's a pro. In terms of Resistance, Maugham was saying, \"I despise Resistance; I will not let it faze me; I will sit down and do my work.\" Maugham reckoned another, deeper truth: that by performing the mundane physical act of sitting down and starting to work, he set in motion a mysterious but infallible sequence of events that would produce\n", "owner": 6, "like": false, "comment": ""}}, {"model": "core.quote", "pk": 35, "fields": {"book": 13, "date_added": "Added on Wednesday, December 9, 2020 9:36:18 PM\n", "text": "Be honest with yourself about your motives. Are you really gathering information to help you make a smart choice, or are you just looking for evidence confirming what you think you’d like to do?\n", "owner": 6, "like": false, "comment": ""}}, {"model": "core.quote", "pk": 36, "fields": {"book": 13, "date_added": "Added on Wednesday, December 9, 2020 1:33:28 AM\n", "text": "Always remind yourself of your objectives and examine how they would be served by the status quo. You may find that elements of the current situation act as barriers to your goals. Never think of the status quo as your only alternative. Identify other options and use them as counterbalances, carefully evaluating all the pluses and minuses. Ask yourself whether you would choose the status-quo alternative if, in fact, it weren’t the status quo.\n", "owner": 6, "like": false, "comment": ""}}, {"model": "core.quote", "pk": 37, "fields": {"book": 13, "date_added": "Added on Wednesday, December 9, 2020 1:30:26 AM\n", "text": "the common and often pernicious mental phenomenon known as anchoring. When considering a decision, the mind gives disproportionate weight to the first information it receives. Initial impressions, estimates, or data anchor subsequent thoughts and judgments.\n", "owner": 6, "like": false, "comment": ""}}, {"model": "core.quote", "pk": 38, "fields": {"book": 13, "date_added": "Added on Wednesday, December 9, 2020 1:30:53 AM\n", "text": "Always view a problem from different perspectives. Try using alternative starting points and approaches rather than sticking with the first line of thought that occurs to you.\n", "owner": 6, "like": false, "comment": ""}}, {"model": "core.quote", "pk": 39, "fields": {"book": 14, "date_added": "Added on Thursday, November 19, 2020 2:12:37 AM\n", "text": "Select the most important challenge for the next day the night before. Then make that challenge your first priority when you arrive at work in the morning.\n", "owner": 6, "like": true, "comment": ""}}, {"model": "core.quote", "pk": 40, "fields": {"book": 14, "date_added": "Added on Wednesday, November 18, 2020 1:14:25 AM\n", "text": "Much of the value in a diary comes from periodically reviewing the past few days (or more).\n", "owner": 6, "like": false, "comment": ""}}, {"model": "core.quote", "pk": 41, "fields": {"book": 14, "date_added": "Added on Thursday, November 19, 2020 2:11:22 AM\n", "text": "Fuel positive emotions in yourself and others by regularly expressing appreciation to people in detailed, specific terms through notes, e-mails, calls, or conversations.\n", "owner": 6, "like": false, "comment": ""}}, {"model": "core.quote", "pk": 42, "fields": {"book": 15, "date_added": "Added on Saturday, November 7, 2020 2:51:14 AM\n", "text": "When you’re in a creative deadlock, try embodying a different identity. It will likely get you out of your own head and allow you to think from another person’s perspective\n", "owner": 6, "like": false, "comment": ""}}, {"model": "core.quote", "pk": 43, "fields": {"book": 15, "date_added": "Added on Saturday, November 7, 2020 11:36:46 PM\n", "text": "Meditation builds concentration and calmness and facilitates recovery from the agitation of stress.\n", "owner": 6, "like": false, "comment": ""}}, {"model": "core.quote", "pk": 44, "fields": {"book": 15, "date_added": "Added on Saturday, November 7, 2020 11:38:09 PM\n", "text": "A simple way to shift into positive mode is to ask yourself, “If everything worked out perfectly in my life, what would I be doing in 10 years?”\n", "owner": 6, "like": false, "comment": ""}}, {"model": "core.quote", "pk": 45, "fields": {"book": 15, "date_added": "Added on Saturday, November 7, 2020 11:38:31 PM\n", "text": "“Talking about positive goals and dreams activates brain centers that open you up to new possibilities,” says Richard Boyatzis, a psychologist at Case Western Reserve. “But if you change the conversation to what you should do to fix yourself, it closes you down . . . You need the negative to survive but the positive to thrive.”\n", "owner": 6, "like": false, "comment": ""}}, {"model": "core.quote", "pk": 46, "fields": {"book": 16, "date_added": "Added on Wednesday, September 30, 2020 9:09:53 PM\n", "text": "Value your time. It is all you have. It’s more important than your money. It’s more important than your friends. It is more important than anything. Your time is all you have. Do not waste your time.\n", "owner": 6, "like": false, "comment": ""}}, {"model": "core.quote", "pk": 47, "fields": {"book": 16, "date_added": "Added on Wednesday, September 30, 2020 10:28:00 PM\n", "text": "Live by Your Values What are your core values?\n", "owner": 6, "like": false, "comment": ""}}, {"model": "core.quote", "pk": 48, "fields": {"book": 16, "date_added": "Added on Wednesday, September 30, 2020 10:29:04 PM\n", "text": "All benefits in life come from compound interest, whether in money, relationships, love, health, activities, or habits.\n", "owner": 6, "like": false, "comment": ""}}, {"model": "core.orders", "pk": 1, "fields": {"user": 1, "order_type": "Trial", "subscription_period": 60, "price": "0.000", "payment_date": "2023-02-13T21:44:36.466Z", "payment_status": "active"}}, {"model": "core.orders", "pk": 2, "fields": {"user": 4, "order_type": "Trial", "subscription_period": 60, "price": "0.000", "payment_date": "2023-02-14T22:09:53.170Z", "payment_status": "active"}}, {"model": "core.orders", "pk": 3, "fields": {"user": 6, "order_type": "Trial", "subscription_period": 60, "price": "0.000", "payment_date": "2023-03-07T16:12:08.374Z", "payment_status": "active"}}, {"model": "token_blacklist.outstandingtoken", "pk": 1, "fields": {"user": 1, "jti": "3a2e80a5467f4538982e83e25e62a925", "token": "eyJhbGciOiJIUzI1NiIsInR5cCI6IkpXVCJ9.eyJ0b2tlbl90eXBlIjoicmVmcmVzaCIsImV4cCI6MTY4NDEwMDY3MCwiaWF0IjoxNjc2MzI0NjcwLCJqdGkiOiIzYTJlODBhNTQ2N2Y0NTM4OTgyZTgzZTI1ZTYyYTkyNSIsInVzZXJfaWQiOjF9.VCGG1Us6JxmjqDogNFdRlAMfjFiqZZMzaUNUMBaCB5c", "created_at": "2023-02-13T21:44:30.155Z", "expires_at": "2023-05-14T21:44:30Z"}}, {"model": "token_blacklist.outstandingtoken", "pk": 2, "fields": {"user": 4, "jti": "f75a52dfc1c74c5583139d4fad99fb32", "token": "eyJhbGciOiJIUzI1NiIsInR5cCI6IkpXVCJ9.eyJ0b2tlbl90eXBlIjoicmVmcmVzaCIsImV4cCI6MTY4NDE4MTQ3NywiaWF0IjoxNjc2NDA1NDc3LCJqdGkiOiJmNzVhNTJkZmMxYzc0YzU1ODMxMzlkNGZhZDk5ZmIzMiIsInVzZXJfaWQiOjR9.z9_c_gi9KbhhfaibaVkKGCZFI80joSKen3EgwekHY5A", "created_at": "2023-02-14T20:11:17.951Z", "expires_at": "2023-05-15T20:11:17Z"}}, {"model": "token_blacklist.outstandingtoken", "pk": 3, "fields": {"user": 4, "jti": "5c2d445497f34f24bd04c98f650f8dc8", "token": "eyJhbGciOiJIUzI1NiIsInR5cCI6IkpXVCJ9.eyJ0b2tlbl90eXBlIjoicmVmcmVzaCIsImV4cCI6MTY4NDE4NTc4OSwiaWF0IjoxNjc2NDA5Nzg5LCJqdGkiOiI1YzJkNDQ1NDk3ZjM0ZjI0YmQwNGM5OGY2NTBmOGRjOCIsInVzZXJfaWQiOjR9.V4AUojagJxJLOpexPSCCqHBXzo3sy8IcoJxMfj99AK4", "created_at": "2023-02-14T21:23:09.754Z", "expires_at": "2023-05-15T21:23:09Z"}}, {"model": "token_blacklist.outstandingtoken", "pk": 4, "fields": {"user": 4, "jti": "3fd52dc0b18c4912986aee80d56d6b87", "token": "eyJhbGciOiJIUzI1NiIsInR5cCI6IkpXVCJ9.eyJ0b2tlbl90eXBlIjoicmVmcmVzaCIsImV4cCI6MTY4NDE4OTg1NywiaWF0IjoxNjc2NDEzODU3LCJqdGkiOiIzZmQ1MmRjMGIxOGM0OTEyOTg2YWVlODBkNTZkNmI4NyIsInVzZXJfaWQiOjR9.EkjlAD1CV5WOmIohb3BimiqPqSM76ZALYf6oqUhE8aA", "created_at": "2023-02-14T22:30:57.675Z", "expires_at": "2023-05-15T22:30:57Z"}}, {"model": "token_blacklist.outstandingtoken", "pk": 5, "fields": {"user": 5, "jti": "07afdc7e5bf84f689f595a076bd548f8", "token": "eyJhbGciOiJIUzI1NiIsInR5cCI6IkpXVCJ9.eyJ0b2tlbl90eXBlIjoicmVmcmVzaCIsImV4cCI6MTY4NDc4MDEyNiwiaWF0IjoxNjc3MDA0MTI2LCJqdGkiOiIwN2FmZGM3ZTViZjg0ZjY4OWY1OTVhMDc2YmQ1NDhmOCIsInVzZXJfaWQiOjV9.cT5XNBbcXPo3V_kDI7Zx2SWdf36dsDjrUYwSZKyime8", "created_at": "2023-02-21T18:28:46.265Z", "expires_at": "2023-05-22T18:28:46Z"}}, {"model": "token_blacklist.outstandingtoken", "pk": 6, "fields": {"user": 6, "jti": "1cc680eb56a349d880bfa4bfc6b3d475", "token": "eyJhbGciOiJIUzI1NiIsInR5cCI6IkpXVCJ9.eyJ0b2tlbl90eXBlIjoicmVmcmVzaCIsImV4cCI6MTY4NTk4MTI5MSwiaWF0IjoxNjc4MjA1MjkxLCJqdGkiOiIxY2M2ODBlYjU2YTM0OWQ4ODBiZmE0YmZjNmIzZDQ3NSIsInVzZXJfaWQiOjZ9.l25Gc2hm2XRJ1tKmr2bcxy8jDvPLHhm4iLxYNMLAMqs", "created_at": "2023-03-07T16:08:11.232Z", "expires_at": "2023-06-05T16:08:11Z"}}, {"model": "token_blacklist.outstandingtoken", "pk": 7, "fields": {"user": 7, "jti": "9c2d063197db4c90a25933e4d8f266b6", "token": "eyJhbGciOiJIUzI1NiIsInR5cCI6IkpXVCJ9.eyJ0b2tlbl90eXBlIjoicmVmcmVzaCIsImV4cCI6MTY4NTk4NDQwOSwiaWF0IjoxNjc4MjA4NDA5LCJqdGkiOiI5YzJkMDYzMTk3ZGI0YzkwYTI1OTMzZTRkOGYyNjZiNiIsInVzZXJfaWQiOjd9.QeOJwZoracoUekRV3wKqIGztfFQstUOg6itKBcZF4_Y", "created_at": "2023-03-07T17:00:09.700Z", "expires_at": "2023-06-05T17:00:09Z"}}, {"model": "token_blacklist.outstandingtoken", "pk": 8, "fields": {"user": 8, "jti": "d252144fd0f5420d92ab3a384d685d0f", "token": "eyJhbGciOiJIUzI1NiIsInR5cCI6IkpXVCJ9.eyJ0b2tlbl90eXBlIjoicmVmcmVzaCIsImV4cCI6MTY5MTQ0NDcyMywiaWF0IjoxNjgzNjY4NzIzLCJqdGkiOiJkMjUyMTQ0ZmQwZjU0MjBkOTJhYjNhMzg0ZDY4NWQwZiIsInVzZXJfaWQiOjh9.JzK1YD9OE6_wZM9bvDyXiPi5sWlm8Ol16mJ1xPgwXC8", "created_at": "2023-05-09T21:45:23.005Z", "expires_at": "2023-08-07T21:45:23Z"}}, {"model": "token_blacklist.outstandingtoken", "pk": 9, "fields": {"user": 9, "jti": "8d1fc1d1092d47f3979b018e7c13066d", "token": "eyJhbGciOiJIUzI1NiIsInR5cCI6IkpXVCJ9.eyJ0b2tlbl90eXBlIjoicmVmcmVzaCIsImV4cCI6MTY5MTQ0Njc3NiwiaWF0IjoxNjgzNjcwNzc2LCJqdGkiOiI4ZDFmYzFkMTA5MmQ0N2YzOTc5YjAxOGU3YzEzMDY2ZCIsInVzZXJfaWQiOjl9.tkn4XL5eAqSSsVJvrhboou-d8eIxLSh2VYfYpYCjzxA", "created_at": "2023-05-09T22:19:36.219Z", "expires_at": "2023-08-07T22:19:36Z"}}, {"model": "token_blacklist.outstandingtoken", "pk": 10, "fields": {"user": 10, "jti": "99763c2357284093a4c7ee1f02f7edd0", "token": "eyJhbGciOiJIUzI1NiIsInR5cCI6IkpXVCJ9.eyJ0b2tlbl90eXBlIjoicmVmcmVzaCIsImV4cCI6MTY5MTQ0NzE4OSwiaWF0IjoxNjgzNjcxMTg5LCJqdGkiOiI5OTc2M2MyMzU3Mjg0MDkzYTRjN2VlMWYwMmY3ZWRkMCIsInVzZXJfaWQiOjEwfQ.9dX2ILnm1wV-AtW1bhHPHf84OuuWIapVIJ0L2dGsCyQ", "created_at": "2023-05-09T22:26:29.912Z", "expires_at": "2023-08-07T22:26:29Z"}}, {"model": "token_blacklist.outstandingtoken", "pk": 11, "fields": {"user": 11, "jti": "60cd5f9717e244aea11b8126d021bec3", "token": "eyJhbGciOiJIUzI1NiIsInR5cCI6IkpXVCJ9.eyJ0b2tlbl90eXBlIjoicmVmcmVzaCIsImV4cCI6MTY5MTQ0NzIwNiwiaWF0IjoxNjgzNjcxMjA2LCJqdGkiOiI2MGNkNWY5NzE3ZTI0NGFlYTExYjgxMjZkMDIxYmVjMyIsInVzZXJfaWQiOjExfQ.UYZq85pGUAeiRQ2JfdnQNh1FMM3FmiXWBY5F5GGdKjg", "created_at": "2023-05-09T22:26:46.536Z", "expires_at": "2023-08-07T22:26:46Z"}}, {"model": "token_blacklist.outstandingtoken", "pk": 12, "fields": {"user": 12, "jti": "91ca8b8052a94364adc144983d1f1c96", "token": "eyJhbGciOiJIUzI1NiIsInR5cCI6IkpXVCJ9.eyJ0b2tlbl90eXBlIjoicmVmcmVzaCIsImV4cCI6MTY5MTQ0ODcxNiwiaWF0IjoxNjgzNjcyNzE2LCJqdGkiOiI5MWNhOGI4MDUyYTk0MzY0YWRjMTQ0OTgzZDFmMWM5NiIsInVzZXJfaWQiOjEyfQ.gkQzua90DJF2AWDPG_Vv1g5tW6NUFPr94z1YuW0mC0g", "created_at": "2023-05-09T22:51:56.829Z", "expires_at": "2023-08-07T22:51:56Z"}}, {"model": "token_blacklist.outstandingtoken", "pk": 13, "fields": {"user": 13, "jti": "b6e28d9463f54ee687411ba6aae95678", "token": "eyJhbGciOiJIUzI1NiIsInR5cCI6IkpXVCJ9.eyJ0b2tlbl90eXBlIjoicmVmcmVzaCIsImV4cCI6MTY5MTQ1MDU4MCwiaWF0IjoxNjgzNjc0NTgwLCJqdGkiOiJiNmUyOGQ5NDYzZjU0ZWU2ODc0MTFiYTZhYWU5NTY3OCIsInVzZXJfaWQiOjEzfQ.0_29fSuiC_NLx7FcBeCseYamOL5RVZr-6fhhewdcl60", "created_at": "2023-05-09T23:23:00.322Z", "expires_at": "2023-08-07T23:23:00Z"}}, {"model": "token_blacklist.outstandingtoken", "pk": 14, "fields": {"user": 14, "jti": "67f1bcaa6fc643a0a649670df51e53db", "token": "eyJhbGciOiJIUzI1NiIsInR5cCI6IkpXVCJ9.eyJ0b2tlbl90eXBlIjoicmVmcmVzaCIsImV4cCI6MTY5MTQ1NDUwOSwiaWF0IjoxNjgzNjc4NTA5LCJqdGkiOiI2N2YxYmNhYTZmYzY0M2EwYTY0OTY3MGRmNTFlNTNkYiIsInVzZXJfaWQiOjE0fQ.DOf2X9Mcyj7hu8_KvkmNp8h5vu3Pyo4Ezy4cqEp_5DI", "created_at": "2023-05-10T00:28:29.200Z", "expires_at": "2023-08-08T00:28:29Z"}}, {"model": "token_blacklist.outstandingtoken", "pk": 15, "fields": {"user": 15, "jti": "e6b2a96ee9404b08a0a2cc36a8109ba2", "token": "eyJhbGciOiJIUzI1NiIsInR5cCI6IkpXVCJ9.eyJ0b2tlbl90eXBlIjoicmVmcmVzaCIsImV4cCI6MTY5MTQ1NDYyMywiaWF0IjoxNjgzNjc4NjIzLCJqdGkiOiJlNmIyYTk2ZWU5NDA0YjA4YTBhMmNjMzZhODEwOWJhMiIsInVzZXJfaWQiOjE1fQ.bcM25z4G4OPdb1Gd1zA1p_DL4so5Qp09DKLxW-pJdJE", "created_at": "2023-05-10T00:30:23.193Z", "expires_at": "2023-08-08T00:30:23Z"}}, {"model": "token_blacklist.outstandingtoken", "pk": 16, "fields": {"user": 16, "jti": "954765efebbe4b1bba062376fd89c7a4", "token": "eyJhbGciOiJIUzI1NiIsInR5cCI6IkpXVCJ9.eyJ0b2tlbl90eXBlIjoicmVmcmVzaCIsImV4cCI6MTY5MTUyODA5MCwiaWF0IjoxNjgzNzUyMDkwLCJqdGkiOiI5NTQ3NjVlZmViYmU0YjFiYmEwNjIzNzZmZDg5YzdhNCIsInVzZXJfaWQiOjE2fQ.UuGXVKgButfQcU-IgU7tZNE5h29HAHvMboY_ugtli8s", "created_at": "2023-05-10T20:54:50.509Z", "expires_at": "2023-08-08T20:54:50Z"}}, {"model": "token_blacklist.outstandingtoken", "pk": 17, "fields": {"user": 17, "jti": "423863a9564d4884b812c1fac1e45138", "token": "eyJhbGciOiJIUzI1NiIsInR5cCI6IkpXVCJ9.eyJ0b2tlbl90eXBlIjoicmVmcmVzaCIsImV4cCI6MTY5MTY4ODI4NiwiaWF0IjoxNjgzOTEyMjg2LCJqdGkiOiI0MjM4NjNhOTU2NGQ0ODg0YjgxMmMxZmFjMWU0NTEzOCIsInVzZXJfaWQiOjE3fQ.a2VBS1txZ_ih-m0E6YKNylpsSiPwUKowJezYZME70Aw", "created_at": "2023-05-12T17:24:46.015Z", "expires_at": "2023-08-10T17:24:46Z"}}]